{
  "bordeaux": {
    "x": 198,
    "y": 395
  },
  "pont-du-casse": {
    "x": 215,
    "y": 418
  },
  "agen": {
    "x": 218,
    "y": 422
  },
  "cergy": {
    "x": 294,
    "y": 128
  },
  "courbevoie": {
    "x": 307,
    "y": 145
  },
  "drancy": {
    "x": 321,
    "y": 140
  },
  "nanterre": {
    "x": 304,
    "y": 148
  },
  "paris 7": {
    "x": 313,
    "y": 146
  },
  "paris 7ème": {
    "x": 313,
    "y": 146
  },
  "arpajon": {
    "x": 309,
    "y": 176
  },
  "égly": {
    "x": 306,
    "y": 178
  },
  "ajaccio": {
    "x": 577.5328369140625,
    "y": 552.84375
  },
  "mortagne-au-perche": {
    "x": 250.0858154296875,
    "y": 170.3268585205078
  },
  "toulon": {
    "x": 448,
    "y": 468
  },
  "dax": {
    "x": 167.42298889160156,
    "y": 409.62420654296875
  },
  "meaux": {
    "x": 340.89483642578125,
    "y": 160.70973205566406
  },
  "montpellier": {
    "x": 351.2096862792969,
    "y": 475.11676025390625
  },
  "toulouse": {
    "x": 275.5290832519531,
    "y": 489.19830322265625
  },
  "arpajon/egly": {
    "x": 306.3236083984375,
    "y": 175.9390869140625
  }
}
